game_id,commence_time,home_team,away_team,home_price,away_price,home_prob,away_prob
1eb386b963ae5a82eba436c25e50cf24,2026-10-09T23:10:00Z,Columbus Blue Jackets,Pittsburgh Penguins,-118,-102,0.5412844036697247,0.504950495049505
30e778f30fcb48f94af24793f5bd201a,2026-10-09T23:10:00Z,Detroit Red Wings,Seattle Kraken,-142,120,0.5867768595041323,0.45454545454545453
86ba05a73a0355958b629023b20ba955,2026-10-09T23:10:00Z,Washington Capitals,New York Rangers,-148,124,0.5967741935483871,0.44642857142857145
48ce8ebb422982764994cd25c5f253c7,2026-10-10T00:10:00Z,Winnipeg Jets,Anaheim Ducks,-125,105,0.5555555555555556,0.4878048780487805
d85b0a6ad02d473031876a3286f80638,2026-10-10T17:10:00Z,Boston Bruins,Philadelphia Flyers,-130,110,0.5652173913043478,0.47619047619047616
c7f455eb3013583ec1f49f025b777801,2026-10-10T19:40:00Z,New Jersey Devils,Vancouver Canucks,-278,225,0.7354497354497355,0.3076923076923077
08385500bdc8f9cbcab43927a7d21671,2026-10-10T20:10:00Z,San Jose Sharks,Edmonton Oilers,130,-155,0.43478260869565216,0.6078431372549019
4951992db982c394e261970cbfb52332,2026-10-10T22:10:00Z,Florida Panthers,Minnesota Wild,-135,114,0.574468085106383,0.4672897196261682
7895b6bd10de620acba34059d4ad4e09,2026-10-10T23:10:00Z,Buffalo Sabres,Utah Mammoth,-112,-108,0.5283018867924528,0.5192307692307693
7824aa2e736cf181d6d0e9e45b228f2b,2026-10-10T23:10:00Z,Chicago Blackhawks,Carolina Hurricanes,190,-230,0.3448275862068966,0.696969696969697
525f2399515c855c7a1ae5b984deeb6a,2026-10-10T23:10:00Z,Colorado Avalanche,Toronto Maple Leafs,-205,170,0.6721311475409836,0.37037037037037035
5ea535b759f889f989e5c6ed8f046bf7,2026-10-10T23:10:00Z,St Louis Blues,Columbus Blue Jackets,-125,105,0.5555555555555556,0.4878048780487805
1e0601b21b573df36bc79e769dcd5e4b,2026-10-10T23:10:00Z,Pittsburgh Penguins,Dallas Stars,130,-155,0.43478260869565216,0.6078431372549019
b75f9f59f0f845e2ba7dc5f8e5b3e35d,2026-10-10T23:10:00Z,Montréal Canadiens,Detroit Red Wings,-218,180,0.6855345911949685,0.35714285714285715
a0b4b7224d0d849d54511cd9a4780531,2026-10-10T23:10:00Z,Ottawa Senators,Nashville Predators,-162,136,0.6183206106870229,0.423728813559322
15f36c06476a3c7811b74283878ee66e,2026-10-10T23:40:00Z,New York Islanders,Tampa Bay Lightning,142,-170,0.4132231404958678,0.6296296296296297
7ff1567200cc7c7c7d901f32f81ad4d4,2026-10-11T02:10:00Z,Calgary Flames,Anaheim Ducks,105,-125,0.4878048780487805,0.5555555555555556
d9285582597ee00291a57aaf08f4bd50,2026-10-11T02:10:00Z,Vegas Golden Knights,Los Angeles Kings,-162,136,0.6183206106870229,0.423728813559322
